<dblpperson name="Abdurrahman Gün" pid="297/6594" n="1">
	<person key="homepages/297/6594" mdate="2021-07-23">
		<author pid="297/6594">Abdurrahman Gün</author>
	</person>
	<r>
		<inproceedings key="conf/siu/GozMKTG21" mdate="2021-07-23">
			<author pid="201/1926">Furkan Göz</author>
			<author pid="53/10411">Alev Mutlu</author>
			<author pid="297/6411">Kerem Küçük</author>
			<author pid="297/6826">Mahir Temur</author>
			<author pid="297/6594">Abdurrahman Gün</author>
			<title>Effect of Centrality Measures for Keyword Extraction from Turkish Documents.</title>
			<pages>1-4</pages>
			<year>2021</year>
			<booktitle>SIU</booktitle>
			<ee>https://doi.org/10.1109/SIU53274.2021.9477807</ee>
			<crossref>conf/siu/2021</crossref>
			<url>db/conf/siu/siu2021.html#GozMKTG21</url>
		</inproceedings>
	</r>
	<coauthors n="4" nc="1">
		<co c="0">
			<na f="g/G=ouml=z:Furkan" pid="201/1926">Furkan Göz</na>
		</co>
		<co c="0">
			<na f="k/K=uuml==ccedil==uuml=k:Kerem" pid="297/6411">Kerem Küçük</na>
		</co>
		<co c="0">
			<na f="m/Mutlu:Alev" pid="53/10411">Alev Mutlu</na>
		</co>
		<co c="0">
			<na f="t/Temur:Mahir" pid="297/6826">Mahir Temur</na>
		</co>
	</coauthors>
</dblpperson>