<dblpperson name="Burcu Kir Savas" pid="208/1354" n="5">
	<person key="homepages/208/1354" mdate="2017-11-08">
		<author pid="208/1354">Burcu Kir Savas</author>
	</person>
	<r>
		<article key="journals/access/SavasB20" mdate="2020-02-08">
			<author orcid="0000-0003-1005-9332" pid="208/1354">Burcu Kir Savas</author>
			<author orcid="0000-0002-2951-7287" pid="82/5345">Yasar Becerikli</author>
			<title>Real Time Driver Fatigue Detection System Based on Multi-Task ConNN.</title>
			<pages>12491-12498</pages>
			<year>2020</year>
			<volume>8</volume>
			<journal>IEEE Access</journal>
			<ee type="oa">https://doi.org/10.1109/ACCESS.2020.2963960</ee>
			<url>db/journals/access/access8.html#SavasB20</url>
		</article>
	</r>
	<r>
		<inproceedings key="conf/siu/SavasIB16" mdate="2021-10-14">
			<author pid="208/1354">Burcu Kir Savas</author>
			<author orcid="0000-0002-0570-2250" pid="218/2929">Sümeyya Ilkin</author>
			<author orcid="0000-0002-2951-7287" pid="82/5345">Yasar Becerikli</author>
			<title>The realization of face detection and fullness detection in medium by using Haar Cascade Classifiers.</title>
			<pages>2217-2220</pages>
			<year>2016</year>
			<booktitle>SIU</booktitle>
			<ee>https://doi.org/10.1109/SIU.2016.7496215</ee>
			<crossref>conf/siu/2016</crossref>
			<url>db/conf/siu/siu2016.html#SavasIB16</url>
		</inproceedings>
	</r>
	<r>
		<article key="journals/spl/KirKU15" mdate="2022-04-09">
			<author orcid="0000-0003-1005-9332" pid="208/1354">Burcu Kir Savas</author>
			<author orcid="0000-0002-7581-9390" pid="154/7668">Meltem Kurt</author>
			<author orcid="0000-0002-0352-1560" pid="05/1439">Oguzhan Urhan</author>
			<title>Local Binary Pattern Based Fast Digital Image Stabilization.</title>
			<pages>341-345</pages>
			<year>2015</year>
			<volume>22</volume>
			<journal>IEEE Signal Process. Lett.</journal>
			<number>3</number>
			<ee>https://doi.org/10.1109/LSP.2014.2359981</ee>
			<url>db/journals/spl/spl22.html#KirKU15</url>
		</article>
	</r>
	<r>
		<inproceedings key="conf/siu/PehlivanogluSD15" mdate="2021-08-27">
			<author orcid="0000-0002-7581-9390" pid="315/9623">Meltem Kurt PehlIvanoõlu</author>
			<author pid="208/1354">Burcu Kir Savas</author>
			<author pid="63/6826">Nevcihan Duru</author>
			<title>LSB based steganography over video files using Koblitz's Method.</title>
			<pages>1034-1037</pages>
			<year>2015</year>
			<booktitle>SIU</booktitle>
			<ee>https://doi.org/10.1109/SIU.2015.7130009</ee>
			<crossref>conf/siu/2015</crossref>
			<url>db/conf/siu/siu2015.html#PehlivanogluSD15</url>
		</inproceedings>
	</r>
	<r>
		<inproceedings key="conf/siu/KirOG12" mdate="2020-02-05">
			<author orcid="0000-0003-1005-9332" pid="208/1354">Burcu Kir Savas</author>
			<author pid="95/6749">Cemil Oz</author>
			<author pid="72/6949">Ali Gulbag</author>
			<title>Leaf recognition using K-NN classification algorithm.</title>
			<pages>1-4</pages>
			<year>2012</year>
			<booktitle>SIU</booktitle>
			<ee>https://doi.org/10.1109/SIU.2012.6204575</ee>
			<crossref>conf/siu/2012</crossref>
			<url>db/conf/siu/siu2012.html#KirOG12</url>
		</inproceedings>
	</r>
	<coauthors n="8" nc="3">
		<co c="1">
			<na f="b/Becerikli:Yasar" pid="82/5345">Yasar Becerikli</na>
		</co>
		<co c="0">
			<na f="d/Duru:Nevcihan" pid="63/6826">Nevcihan Duru</na>
		</co>
		<co c="2">
			<na f="g/Gulbag:Ali" pid="72/6949">Ali Gulbag</na>
		</co>
		<co c="1">
			<na f="i/Ilkin:S=uuml=meyya" pid="218/2929">Sümeyya Ilkin</na>
		</co>
		<co c="0">
			<na f="k/Kurt:Meltem" pid="154/7668">Meltem Kurt</na>
		</co>
		<co c="2">
			<na f="o/Oz:Cemil" pid="95/6749">Cemil Oz</na>
		</co>
		<co c="0">
			<na f="p/PehlIvano=otilde=lu:Meltem_Kurt" pid="315/9623">Meltem Kurt PehlIvanoõlu</na>
		</co>
		<co c="0">
			<na f="u/Urhan:Oguzhan" pid="05/1439">Oguzhan Urhan</na>
		</co>
	</coauthors>
</dblpperson>