<dblpperson name="Fulya Akdeniz" pid="190/9072" n="5">
	<person key="homepages/190/9072" mdate="2016-12-06">
		<author pid="190/9072">Fulya Akdeniz</author>
	</person>
	<r>
		<article key="journals/mta/AkdenizKK21" mdate="2021-10-05">
			<author orcid="0000-0002-2303-5885" pid="190/9072">Fulya Akdeniz</author>
			<author pid="190/9103">Ilknur Kayikçioglu</author>
			<author pid="09/131">Temel Kayikçioglu</author>
			<title>Classification of cardiac arrhythmias using Zhao-Atlas-Marks time-frequency distribution.</title>
			<pages>30523-30537</pages>
			<year>2021</year>
			<volume>80</volume>
			<journal>Multim. Tools Appl.</journal>
			<number>20</number>
			<ee>https://doi.org/10.1007/s11042-021-10945-6</ee>
			<url>db/journals/mta/mta80.html#AkdenizKK21</url>
		</article>
	</r>
	<r>
		<article key="journals/cee/KayikciogluAKK20" mdate="2020-11-11">
			<author pid="190/9103">Ilknur Kayikçioglu</author>
			<author pid="190/9072">Fulya Akdeniz</author>
			<author pid="53/7041">Cemal Köse</author>
			<author pid="09/131">Temel Kayikçioglu</author>
			<title>Time-frequency approach to ECG classification of myocardial infarction.</title>
			<pages>106621</pages>
			<year>2020</year>
			<volume>84</volume>
			<journal>Comput. Electr. Eng.</journal>
			<ee>https://doi.org/10.1016/j.compeleceng.2020.106621</ee>
			<url>db/journals/cee/cee84.html#KayikciogluAKK20</url>
		</article>
	</r>
	<r>
		<inproceedings key="conf/siu/AkdenizK18" mdate="2018-08-26">
			<author pid="190/9072">Fulya Akdeniz</author>
			<author pid="09/131">Temel Kayikçioglu</author>
			<title>Detection of ECG arrhythmia using Zhao-Atlas Mark time-frequency distribution.</title>
			<pages>1-4</pages>
			<year>2018</year>
			<booktitle>SIU</booktitle>
			<ee>https://doi.org/10.1109/SIU.2018.8404585</ee>
			<crossref>conf/siu/2018</crossref>
			<url>db/conf/siu/siu2018.html#AkdenizK18</url>
		</inproceedings>
	</r>
	<r>
		<inproceedings key="conf/siu/KayikciogluAK16" mdate="2017-11-08">
			<author pid="190/9103">Ilknur Kayikçioglu</author>
			<author pid="190/9072">Fulya Akdeniz</author>
			<author pid="09/131">Temel Kayikçioglu</author>
			<title>Wigner-Ville distribution based ECG arrhythmia detection for telemedicine applications.</title>
			<pages>2045-2048</pages>
			<year>2016</year>
			<booktitle>SIU</booktitle>
			<ee>https://doi.org/10.1109/SIU.2016.7496172</ee>
			<crossref>conf/siu/2016</crossref>
			<url>db/conf/siu/siu2016.html#KayikciogluAK16</url>
		</inproceedings>
	</r>
	<r>
		<inproceedings key="conf/tsp/AkdenizKKK16" mdate="2021-10-14">
			<author pid="190/9072">Fulya Akdeniz</author>
			<author pid="190/9103">Ilknur Kayikçioglu</author>
			<author orcid="0000-0002-0862-0525" pid="89/5546">Ismail Kaya</author>
			<author pid="09/131">Temel Kayikçioglu</author>
			<title>Using Wigner-Ville distribution in ECG arrhythmia detection for telemedicine applications.</title>
			<pages>409-412</pages>
			<year>2016</year>
			<booktitle>TSP</booktitle>
			<ee>https://doi.org/10.1109/TSP.2016.7760908</ee>
			<crossref>conf/tsp/2016</crossref>
			<url>db/conf/tsp/tsp2016.html#AkdenizKKK16</url>
		</inproceedings>
	</r>
	<coauthors n="4" nc="1">
		<co c="0">
			<na f="k/Kaya:Ismail" pid="89/5546">Ismail Kaya</na>
		</co>
		<co c="0">
			<na f="k/Kayik=ccedil=ioglu:Ilknur" pid="190/9103">Ilknur Kayikçioglu</na>
		</co>
		<co c="0">
			<na f="k/Kayik=ccedil=ioglu:Temel" pid="09/131">Temel Kayikçioglu</na>
		</co>
		<co c="0">
			<na f="k/K=ouml=se:Cemal" pid="53/7041">Cemal Köse</na>
		</co>
	</coauthors>
</dblpperson>